mlbmid,player_name,throws
434378,"Verlander, Justin",R
445276,"Jansen, Kenley",R
445926,"Chavez, Jesse",R
450203,"Morton, Charlie",R
453286,"Scherzer, Max",R
455119,"Martin, Chris",R
458677,"Wilson, Justin",L
471911,"Carrasco, Carlos",R
472610,"García, Luis",R
476594,"Stock, Robert",R
477132,"Kershaw, Clayton",L
489446,"Yates, Kirby",R
493603,"Ottavino, Adam",R
500743,"Rojas, Miguel",R
500779,"Quintana, Jose",L
502043,"Gibson, Kyle",R
518397,"Alexander, Scott",L
518489,"Brasier, Ryan",R
518585,"Cruz, Fernando",R
518876,"Kelly, Merrill",R
519008,"McFarland, T.J.",L
519141,"Pomeranz, Drew",L
519151,"Pressly, Ryan",R
519242,"Sale, Chris",L
519326,"Strickland, Hunter",R
521230,"Hendriks, Liam",R
527048,"Pérez, Martín",L
534910,"Hahn, Jesse",R
542881,"Anderson, Tyler",L
542888,"Armstrong, Shawn",R
543056,"Coulombe, Danny",L
543135,"Eovaldi, Nathan",R
543243,"Gray, Sonny",R
543294,"Hendricks, Kyle",R
543518,"McGough, Scott",R
544150,"Suárez, Albert",R
547001,"Poteet, Cody",R
547179,"Lorenzen, Michael",R
547973,"Chapman, Aroldis",L
552640,"Kittredge, Andrew",R
554340,"García, Yimi",R
554430,"Wheeler, Zack",R
554431,"Matzek, Tyler",L
570632,"Ureña, José",R
571466,"Barnhart, Tucker",R
571510,"Boyd, Matthew",L
571578,"Corbin, Patrick",L
571760,"Heaney, Andrew",L
571771,"Hernández, Enrique",R
571927,"Matz, Steven",L
571945,"Mikolas, Miles",R
571946,"Miller, Shelby",R
571948,"Milner, Hoby",L
572955,"Johnson, Pierce",R
573009,"Mantiply, Joe",L
573124,"Rogers, Taylor",L
573186,"Stroman, Marcus",R
573204,"Thielbar, Caleb",L
579328,"Kikuchi, Yusei",L
592094,"Adam, Jason",R
592155,"Booser, Cam",L
592332,"Gausman, Kevin",R
592426,"Jackson, Luke",R
592454,"Kahnle, Tommy",R
592662,"Ray, Robbie",L
592773,"Stanek, Ryne",R
592779,"Stewart, Brock",R
592791,"Taillon, Jameson",R
592836,"Walker, Taijuan",R
592866,"Williams, Trevor",R
593576,"Neris, Héctor",R
593958,"Rodriguez, Eduardo",L
593974,"Peralta, Wandy",L
594580,"Moll, Sam",L
594798,"deGrom, Jacob",R
594902,"Lively, Ben",R
595014,"Treinen, Blake",R
595345,"Okert, Steven",L
595897,"Burdi, Nick",R
595978,"Hedges, Austin",R
596001,"Junis, Jakob",R
596133,"Weaver, Luke",R
596142,"Sánchez, Gary",R
596271,"Lawrence, Casey",R
600917,"Leclerc, José",R
601713,"Pivetta, Nick",R
605130,"Barlow, Scott",R
605135,"Bassitt, Chris",R
605154,"Brebbia, John",R
605177,"Chafin, Andrew",L
605182,"Clevinger, Mike",R
605218,"Edwards Jr., Carl",R
605242,"Fulmer, Michael",R
605280,"Holmes, Clay",R
605288,"Houser, Adrian",R
605347,"López, Jorge",R
605400,"Nola, Aaron",R
605447,"Romano, Jordan",R
605452,"Ross, Joe",R
605463,"Scott, Tayler",R
605483,"Snell, Blake",L
605488,"Springs, Jeffrey",L
605507,"Thompson, Zach",R
606160,"Montero, Rafael",R
606303,"Payamps, Joel",R
606930,"Barnes, Jacob",R
606965,"Devenski, Chris",R
606996,"Hart, Kyle",L
607067,"Rea, Colin",R
607074,"Rodón, Carlos",L
607192,"Glasnow, Tyler",R
607200,"Fedde, Erick",R
607259,"Martinez, Nick",R
607455,"Banda, Anthony",L
607481,"Bummer, Aaron",L
607536,"Freeland, Kyle",L
607625,"Lugo, Seth",R
607732,"Stallings, Jacob",R
608032,"Estévez, Carlos",R
608331,"Fried, Max",L
608337,"Giolito, Lucas",R
608371,"Sims, Lucas",R
608372,"Sugano, Tomoyuki",R
608379,"Wacha, Michael",R
608566,"Márquez, Germán",R
608665,"Graveman, Kendall",R
608717,"Stratton, Chris",R
608718,"Suter, Brent",L
612434,"Castro, Miguel",R
614179,"Ruiz, José",R
615698,"Quantrill, Cal",R
620454,"Castillo, José",L
621051,"Wilson, Steven",R
621053,"Ferguson, Tyler",R
621107,"Eflin, Zach",R
621111,"Buehler, Walker",R
621121,"McCullers Jr., Lance",R
621139,"Kriske, Brooks",R
621199,"Bowman, Matt",R
621237,"Alvarado, José",L
621242,"Díaz, Edwin",R
621244,"Berríos, José",R
621345,"Minter, A.J.",L
621363,"Poche, Colin",L
621366,"Borucki, Ryan",L
621381,"Strahm, Matt",L
621383,"Banks, Tanner",L
621512,"Nido, Tomás",R
622253,"Tate, Dillon",R
622379,"Castillo, Luis F.",R
622491,"Castillo, Luis",R
622554,"Domínguez, Seranthony",R
622608,"Senzatela, Antonio",R
622663,"Severino, Luis",R
622761,"Mateo, Jorge",R
622780,"Perdomo, Angel",L
622786,"Tinoco, Jesus",R
623149,"Sewald, Paul",R
623167,"Flexen, Chris",R
623211,"Brazobán, Huascar",R
623352,"Hader, Josh",L
623437,"Topa, Justin",R
623465,"Phillips, Evan",R
623474,"Herget, Jimmy",R
624133,"Suárez, Ranger",L
625643,"López, Reynaldo",R
628317,"Maeda, Kenta",R
628452,"Iglesias, Raisel",R
640448,"Finnegan, Kyle",R
640451,"Harvey, Hunter",R
640454,"Krook, Matt",L
640462,"Puk, A.J.",L
640902,"Pereda, Jhonny",R
641154,"López, Pablo",R
641302,"Alexander, Tyler",L
641312,"Anderson, Shaun",R
641329,"Baker, Bryan",R
641343,"Bauers, Jake",L
641401,"Brogdon, Connor",R
641482,"Cortes, Nestor",L
641540,"Dunning, Dane",R
641656,"Hamilton, Ian",R
641745,"Keller, Brad",R
641755,"Kinley, Tyler",R
641778,"Lauer, Eric",L
641793,"Littell, Zack",R
641816,"Mahle, Tyler",R
641835,"Mayza, Tim",L
641927,"Ober, Bailey",R
641941,"Pagán, Emilio",R
642016,"Robert, Daniel",R
642048,"Saucedo, Tayler",L
642100,"Speier, Gabe",L
642121,"Sulser, Cole",R
642152,"Trivino, Lou",R
642180,"Wade, Tyler",R
642207,"Williams, Devin",R
642232,"Yarbrough, Ryan",L
642239,"Zastryzny, Rob",L
642397,"Soto, Gregory",L
642520,"Garabito, Gerson",R
642528,"Loáisiga, Jonathan",R
642547,"Peralta, Freddy",R
642585,"Bautista, Félix",R
642701,"Santana, Dennis",R
642708,"Rosario, Amed",R
643338,"Green, Chad",R
643361,"Herget, Kevin",R
643377,"Jax, Griffin",R
643410,"Leiter Jr., Mark",R
643511,"Rogers, Tyler",R
645261,"Alcantara, Sandy",R
646242,"Díaz, Jhonathan",L
647336,"Soroka, Michael",R
647351,"Toro, Abraham",R
650489,"Castro, Willi",R
650556,"Abreu, Bryan",R
650633,"King, Michael",R
650644,"Civale, Aaron",R
650893,"Cabrera, Génesis",L
650911,"Sánchez, Cristopher",L
655889,"Rodríguez, Manuel",R
656222,"Beeks, Jalen",L
656234,"Bird, Jake",R
656240,"Blewett, Scott",R
656271,"Burke, Brock",L
656288,"Canning, Griffin",R
656302,"Cease, Dylan",R
656420,"Feyereisen, J.P.",R
656427,"Flaherty, Jack",R
656457,"Gilbert, Tyler",L
656464,"Ginkel, Kevin",R
656546,"Hoffman, Jeff",R
656550,"Holmes, Grant",R
656557,"Houck, Tanner",R
656605,"Keller, Mitch",R
656641,"Latz, Jacob",L
656730,"Megill, Trevor",R
656731,"Megill, Tylor",R
656794,"Newcomb, Sean",L
656848,"Petersen, Michael",R
656849,"Peterson, David",L
656876,"Rasmussen, Drew",R
656896,"Rivera, Emmanuel",R
656945,"Scott, Tanner",L
656986,"Sousa, Bennett",L
657006,"Steele, Justin",L
657044,"Thompson, Ryan",R
657053,"Toussaint, Touki",R
657097,"Webb, Jacob",R
657240,"Merryweather, Julian",R
657277,"Webb, Logan",R
657376,"Schmidt, Clarke",R
657514,"Bernardino, Brennan",L
657571,"Ferguson, Caleb",L
657585,"Garrett, Reed",R
657612,"Hill, Tim",L
657649,"Koenig, Jared",L
657746,"Ryan, Joe",R
657756,"Seabold, Connor",R
660730,"Rodriguez, Elvin",R
660761,"Suarez, José",L
660787,"De los Santos, Yerry",R
660825,"Bazardo, Eduard",R
660844,"Rivas, Leo",R
660853,"De Los Santos, Enyel",R
660896,"Alcala, Jorge",R
661395,"Duran, Jhoan",R
661403,"Clase, Emmanuel",R
662253,"Muñoz, Andrés",R
663158,"Suarez, Robert",R
663372,"Feltner, Ryan",R
663399,"Waddell, Brandon",L
663423,"Thornton, Trent",R
663432,"Rainey, Tanner",R
663436,"Martin, Davis",R
663460,"Bubic, Kris",L
663465,"Allard, Kolby",L
663474,"McKenzie, Triston",R
663485,"Sands, Cole",R
663542,"Hudson, Bryan",L
663554,"Mize, Casey",R
663559,"Falter, Bailey",L
663562,"Davis, Noah",R
663568,"Kolek, Stephen",R
663574,"Santillan, Tony",R
663623,"Irvin, Jake",R
663671,"Enright, Nic",R
663687,"Harris, Hogan",L
663738,"Lynch IV, Daniel",L
663767,"Shugart, Chase",R
663795,"Hagenman, Justin",R
663855,"Hicks, Jordan",R
663878,"Pearson, Nate",R
663893,"Little, Brendon",L
663903,"Singer, Brady",R
663941,"Beck, Tristan",R
663947,"Holton, Tyler",L
663969,"Phillips, Tyler",R
663978,"Paddack, Chris",R
663992,"Lovelady, Richard",L
664062,"Gonsolin, Tony",R
664076,"Cleavinger, Garrett",L
664126,"Fairbanks, Pete",R
664139,"Gibaut, Ian",R
664199,"Clarke, Taylor",R
664208,"Maton, Phil",R
664285,"Valdez, Framber",L
664351,"Contreras, Luis",R
664747,"Díaz, Alexis",R
664849,"Young, Danny",L
664854,"Helsley, Ryan",R
664875,"Lawrence, Justin",R
664991,"Wolfram, Grant",L
665152,"Kremer, Dean",R
665625,"Peguero, Elvis",R
665660,"Alvarado, Elvis",R
665795,"Cabrera, Edward",R
666120,"Anderson, Ian",R
666142,"Ragans, Cole",L
666157,"Lodolo, Nick",L
666171,"Zeferjahn, Ryan",R
666200,"Luzardo, Jesús",L
666214,"Wentz, Joey",L
666215,"Whitley, Forrest",R
666277,"Soriano, George",R
666374,"Brash, Matt",R
666619,"Santos, Gregory",R
666659,"Lao, Sauryn",R
666661,"Morillo, Juan",R
666808,"Doval, Camilo",R
666974,"Cano, Yennier",R
667463,"King, John",L
667755,"Soriano, José",R
668390,"Winn, Cole",R
668674,"Erceg, Lucas",R
668678,"Gallen, Zac",R
668716,"Murdock, Noah",R
668820,"Kranick, Max",R
668834,"McGee, Easton",R
668881,"Greene, Hunter",R
668909,"Williams, Gavin",R
668933,"Ashcraft, Graham",R
668941,"Romero, JoJo",L
668964,"Myers, Tobias",R
668970,"Hollowell, Gavin",R
668984,"Legumina, Casey",R
669020,"Rolison, Ryan",L
669022,"Gore, MacKenzie",L
669060,"Wilson, Bryse",R
669062,"Miller, Erik",L
669084,"Hall, DL",L
669093,"Estrada, Jeremiah",R
669160,"May, Dustin",R
669194,"Nelson, Ryne",R
669199,"Bachar, Lake",R
669203,"Burnes, Corbin",R
669211,"Akin, Keegan",L
669212,"Morgan, Eli",R
669276,"Lee, Dylan",L
669302,"Gilbert, Logan",R
669308,"Reynolds, Sean",R
669358,"Baz, Shane",R
669371,"Henry, Cole",R
669372,"Ginn, J.T.",R
669373,"Skubal, Tarik",L
669387,"Mlodzinski, Carmen",R
669422,"Sauer, Matt",R
669432,"Rogers, Trevor",L
669438,"Englert, Mason",R
669461,"Liberatore, Matthew",L
669467,"Pallante, Andre",R
669622,"Bender, Anthony",R
669674,"Long, Sam",L
669704,"Strowd, Kade",R
669711,"Weissert, Greg",R
669713,"Wesneski, Hayden",R
669717,"Wilson, Will",R
669721,"Daniel, Davis",R
669724,"Hanifee, Brenan",R
669854,"Blanco, Ronel",R
669920,"Alexander, Jason",R
669923,"Kirby, George",R
670032,"Lopez, Nicky",R
670036,"Festa, Matt",R
670059,"Holderman, Colin",R
670102,"Francis, Bowden",R
670167,"Schreiber, John",R
670174,"Winckowski, Josh",R
670280,"Bednar, David",R
670766,"McCaughan, Darren",R
670810,"Gillaspie, Logan",R
670955,"Uceta, Edwin",R
670970,"Morejon, Adrian",L
671096,"Abbott, Andrew",L
671106,"Allen, Logan",L
671109,"Eder, Jake",L
671131,"Rutledge, Jackson",R
671162,"Thomas, Connor",L
671212,"Boyle, Joe",R
671305,"Otañez, Michel",R
671737,"Bradley, Taj",R
671922,"Smith, Cade",R
672282,"Detmers, Reid",L
672335,"Pérez, Cionel",L
672391,"Ort, Kaleb",R
672456,"Montero, Keider",R
672578,"Hernández, Carlos",R
672582,"Zerpa, Angel",L
672782,"Gómez, Yoendrys",R
672841,"Vargas, Carlos",R
673380,"Núñez, Dedniel",R
673513,"Matsui, Yuki",L
673540,"Senga, Kodai",R
673929,"Leasure, Jordan",R
673965,"Freeman, Caleb",R
674072,"Henry, Tommy",L
674285,"Salazar, Eduardo",R
674370,"Bido, Osvaldo",R
674444,"Cruz, Steven",R
674944,"Guenther, Sean",L
675540,"Curry, Xzavion",R
675848,"Mejia, Juan",R
675911,"Strider, Spencer",R
675989,"Bolton, Cody",R
676070,"Amaya, Jacob",R
676083,"Junk, Janson",R
676092,"Snider, Collin",R
676106,"Hancock, Emerson",R
676130,"Buttó, José",R
676254,"Walker, Ryan",R
676263,"Dreyer, Jack",L
676272,"Miller, Bobby",R
676282,"Cantillo, Joey",L
676395,"Garcia, Robert",L
676428,"Hurter, Brant",L
676440,"Bibee, Tanner",R
676467,"Gordon, Colton",L
676477,"Whitlock, Garrett",R
676508,"Casparius, Ben",R
676534,"Faucher, Calvin",R
676617,"O'Brien, Riley",R
676661,"Lazar, Max",R
676664,"Sears, JP",L
676680,"Cosgrove, Tom",L
676684,"Vest, Will",R
676701,"Trejo, Alan",R
676702,"Stratton, Hunter",R
676755,"Mattson, Isaac",R
676879,"Ashby, Aaron",L
676961,"Boushley, Caleb",R
676962,"Brown, Ben",R
676974,"Meyer, Max",R
676979,"Crochet, Garrett",L
677020,"Walker, Josh",L
677161,"Kelly, Zack",R
677649,"Duran, Ezequiel",R
677944,"Cecconi, Slade",R
677952,"Ashcraft, Braxton",R
677955,"Hill, Jaden",R
677958,"Rocker, Kumar",R
677960,"Weathers, Ryan",L
677976,"Dobnak, Randy",R
678020,"Halvorsen, Seth",R
678024,"Vasil, Mike",R
678215,"Arias, Luarbert",R
678226,"Hernández, Daysbel",R
678316,"Cruz, Omar",L
678368,"Bellozo, Valente",R
678394,"Bello, Brayan",R
678495,"Rodríguez, Randy",R
678606,"Ferrer, Jose A.",L
678692,"Henriquez, Ronny",R
678821,"Peralta, Luis",L
679358,"Orze, Eric",R
679885,"Martinez, Justin",R
679922,"Duran, Carlos",R
680573,"Woods Richardson, Simeon",R
680684,"Hoglund, Gunnar",R
680689,"Richardson, Lyon",R
680704,"Sandlin, Nick",R
680729,"McDaniels, Garrett",L
680730,"Parker, Mitchell",L
680732,"Burke, Sean",R
680736,"Wrobleski, Justin",L
680742,"Bowlan, Jonathan",R
680755,"Fisher, Braydon",R
680767,"Vodnik, Victor",R
680880,"Holman, Grant",R
680885,"Schwellenbach, Spencer",R
680951,"Nikhazy, Doug",L
681190,"Vásquez, Randy",R
681293,"Arrighetti, Spencer",R
681343,"Smith, Shane",R
681347,"Burrows, Mike",R
681432,"Little, Luke",L
681517,"Leahy, Kyle",R
681676,"Fernandez, Ryan",R
681799,"Roberts, Ethan",R
681810,"Warren, Austin",R
681857,"Olson, Reese",R
681867,"Criswell, Cooper",R
681869,"Dubin, Shawn",R
681882,"Selby, Colin",R
681892,"Funderburk, Kody",L
681895,"Sisk, Evan",L
681911,"Vesia, Alex",L
681982,"Anderson, Grant",R
682052,"Lopez, Jacob",L
682120,"Herrin, Tim",L
682171,"Murfee, Penn",R
682243,"Miller, Bryce",R
682254,"Montgomery, Mason",L
682610,"Muñoz, Roddery",R
682825,"Mey, Luis",R
682842,"Uribe, Abner",R
682847,"Ortiz, Luis L.",R
682989,"Mederos, Victor",R
682990,"Priester, Quinn",R
683004,"Leiter, Jack",R
683021,"Stefanic, Michael",R
683155,"Estes, Joey",R
683232,"Mears, Nick",R
683409,"Chivilli, Angel",R
683627,"Molina, Anthony",R
683766,"Koss, Christian",R
683769,"Gaddis, Hunter",R
684007,"Imanaga, Shota",L
684320,"Rodríguez, Yariel",R
684974,"Yoho, Craig",R
685107,"Veneziano, Anthony",L
685126,"Eisert, Brandon",L
685299,"Gordon, Tanner",R
685801,"Bigge, Hunter",R
686249,"Wiles, Nathan",R
686563,"Cannon, Jonathan",R
686580,"Slaten, Justin",R
686613,"Brown, Hunter",R
686642,"Ellard, Fraser",L
686654,"Adcock, Ty",R
686701,"Bergert, Ryan",R
686730,"Spiers, Carson",R
686752,"Pepiot, Ryan",R
686753,"Jameson, Drey",R
686799,"Kochanowicz, Jack",R
686826,"Jarvis, Bryce",R
686973,"Varland, Louis",R
686993,"Sterner, Justin",R
687064,"Young, Brandon",R
687074,"Owens, Tyler",R
687134,"Blalock, Bradley",R
687223,"Palmquist, Carson",L
687287,"Monteverde, Patrick",L
687330,"Kelly, Kevin",R
687362,"Gillispie, Connor",R
687377,"Ribalta, Orlando",R
687396,"Headrick, Brent",L
687424,"Maldonado, Anthony",R
687473,"Gusto, Ryan",R
687606,"Schultz, Paxton",R
687765,"Spence, Mitch",R
687847,"Church, Marc",R
687849,"Kent, Zak",R
687863,"Hodge, Porter",R
687888,"Walter, Brandon",L
687911,"King, Bryan",L
687922,"Lucas, Easton",L
688138,"Evans, Logan",R
688158,"Morgan, David",R
688297,"Roycroft, Chris",R
688642,"Agnos, Zach",R
689017,"Knack, Landon",R
689147,"Kerkering, Orion",R
689225,"Brieske, Beau",R
689254,"Fluharty, Mason",L
689690,"Jacob, Alek",R
690382,"Darrell-Hicks, Michael",R
690544,"Horn, Bailey",L
690829,"Joyce, Ben",R
690916,"Fitts, Richard",R
690928,"Dobbins, Hunter",R
690953,"Abel, Mick",R
690986,"Harrison, Kyle",L
690990,"Horton, Cade",R
691094,"Wynne, Randy",R
691172,"Zulueta, Yosver",R
691441,"Mena, Cristian",R
691594,"Sanoja, Javier",R
692230,"Rodriguez, Carlos",R
692285,"Guerrero, Luis",R
693312,"Nicolas, Kyle",R
693433,"Woo, Bryan",R
693821,"Elder, Bryce",R
694037,"Palencia, Daniel",R
694297,"Pfaadt, Brandon",R
694335,"Svanson, Matt",R
694350,"Brzykcy, Zach",R
694363,"Shuster, Jared",L
694477,"Patrick, Chad",R
694646,"McDermott, Chayce",R
694738,"Roupp, Landen",R
694918,"Tidwell, Blade",R
694973,"Skenes, Paul",R
695243,"Miller, Mason",R
695418,"Lord, Brad",R
695445,"Lee, Chase",R
695534,"Petty, Chase",R
695549,"Jobe, Jackson",R
696136,"Wicks, Jordan",L
696270,"Johnson, Ryan",R
700187,"Taylor, Troy",R
700241,"McGreevy, Michael",R
700249,"Povich, Cade",L
700270,"Díaz, Yilber",R
700363,"Smith-Shawver, AJ",R
700669,"Graceffo, Gordon",R
701121,"VanWey, Logan",R
701542,"Warren, Will",R
701581,"Festa, David",R
701656,"Henderson, Logan",R
702070,"Cameron, Noah",L
702352,"Bivens, Spencer",R
702674,"Dana, Caden",R
702795,"Loutos, Ryan",R
801403,"Dollander, Chase",R
802419,"Harrington, Thomas",R
805123,"Blubaugh, AJ",R
805673,"Matthews, Zebby",R
806185,"Birdsong, Hayden",R
806188,"Gibson, Cade",L
808963,"Sasaki, Roki",R
808967,"Yamamoto, Yoshinobu",R
820862,"Fermin, José",R
